Algorithm name,Data Set,HyperParameters,Mean Squared Error (MSE),Root Mean Squared Error (RMSE),Standard Deviations Away
Kmeans,forestfires.csv,K=30,4174.986352,64.614134,1.01505465384357
Kmeans,forestfires.csv,K=22,4176.542345,64.626174,1.01524378868981
KMeans,forestfires.csv,K=28,4178.456212,64.640979,1.01547637570543
KNN,forestfires.csv,K=4,3682.563545,60.684129,0.953316305948243
KNN,forestfires.csv,K=5,3706.201716,60.878582,0.956371053952864
KNN,forestfires.csv,K=3,3875.457522,62.253173,0.977965168660842
PAM Regress,forestfires.csv,K=45,4185.986305,64.699199,1.01639097062018
PAM Regress,forestfires.csv,K=43,4187.302436,64.709369,1.01655074163179
PAM Regress,forestfires.csv,K=44,4189.678148,64.727723,1.01683907635096